{"cameraMode":{"drawMode":0,"name":"Shaded","section":"Shading Mode"},"sceneLighting":false,"audioPlay":false,"sceneViewState":{"m_AlwaysRefresh":false,"showFog":true,"showSkybox":false,"showFlares":true,"showImageEffects":true,"showParticleSystems":true,"showVisualEffectGraphs":true,"m_FxEnabled":true},"in2DMode":false,"pivot":{"x":9.532999992370606,"y":0.3330000042915344,"z":-0.07900047302246094},"rotation":{"x":-0.13784287869930268,"y":-0.11382263898849487,"z":0.015940392389893533,"w":-0.9837709069252014},"size":10.00015640258789,"orthographic":false}