{"cameraMode":{"drawMode":0,"name":"Shaded","section":"Shading Mode"},"sceneLighting":false,"audioPlay":false,"sceneViewState":{"m_AlwaysRefresh":false,"showFog":true,"showSkybox":false,"showFlares":true,"showImageEffects":true,"showParticleSystems":true,"showVisualEffectGraphs":true,"m_FxEnabled":true},"in2DMode":false,"pivot":{"x":9.324000358581543,"y":0.40299999713897707,"z":-5.298999786376953},"rotation":{"x":-0.13784287869930268,"y":-0.11382263898849487,"z":0.015940392389893533,"w":-0.9837709069252014},"size":0.17320525646209718,"orthographic":false}