{"cameraMode":{"drawMode":0,"name":"Shaded","section":"Shading Mode"},"sceneLighting":true,"audioPlay":false,"sceneViewState":{"m_AlwaysRefresh":false,"showFog":true,"showSkybox":true,"showFlares":true,"showImageEffects":true,"showParticleSystems":true,"showVisualEffectGraphs":true,"m_FxEnabled":true},"in2DMode":false,"pivot":{"x":7.210175514221191,"y":88.78418731689453,"z":-13.343371391296387},"rotation":{"x":0.8454989790916443,"y":-0.022370748221874238,"z":0.035531867295503619,"w":0.5323237180709839},"size":0.15000051259994508,"orthographic":true}