{"cameraMode":{"drawMode":0,"name":"Shaded","section":"Shading Mode"},"sceneLighting":true,"audioPlay":false,"sceneViewState":{"showFog":true,"showMaterialUpdate":false,"showSkybox":true,"showFlares":true,"showImageEffects":true,"showParticleSystems":true},"in2DMode":false,"pivot":{"x":-0.9925869703292847,"y":11.42831039428711,"z":7.651562690734863},"rotation":{"x":-0.01300119236111641,"y":-0.9849858283996582,"z":0.08561994880437851,"w":-0.14947791397571565},"size":0.15000051259994508,"orthographic":false}