{"cameraMode":{"drawMode":0,"name":"Shaded","section":"Shading Mode"},"sceneLighting":true,"audioPlay":false,"sceneViewState":{"showFog":true,"showMaterialUpdate":false,"showSkybox":true,"showFlares":true,"showImageEffects":true,"showParticleSystems":true},"in2DMode":false,"pivot":{"x":17.237781524658204,"y":0.5105265974998474,"z":-0.15358933806419373},"rotation":{"x":-0.012287846766412259,"y":0.730770468711853,"z":-0.013164525851607323,"w":-0.6824147701263428},"size":0.8660253286361694,"orthographic":false}