{"cameraMode":{"drawMode":0,"name":"Shaded","section":"Shading Mode"},"sceneLighting":true,"audioPlay":false,"sceneViewState":{"showFog":true,"showMaterialUpdate":false,"showSkybox":true,"showFlares":true,"showImageEffects":true,"showParticleSystems":true},"in2DMode":false,"pivot":{"x":8.718931198120118,"y":-1.0965744256973267,"z":-3.6536195278167726},"rotation":{"x":-0.5429466962814331,"y":0.4339471757411957,"z":-0.6039119958877564,"w":-0.3901604413986206},"size":0.8660253882408142,"orthographic":true}