{"cameraMode":{"drawMode":0,"name":"Shaded","section":"Shading Mode"},"sceneLighting":true,"audioPlay":false,"sceneViewState":{"showFog":true,"showMaterialUpdate":false,"showSkybox":true,"showFlares":true,"showImageEffects":true,"showParticleSystems":true},"in2DMode":false,"pivot":{"x":14.80350399017334,"y":-6.3339314460754398,"z":7.580757141113281},"rotation":{"x":0.1706875115633011,"y":0.16468754410743714,"z":-0.02894745208323002,"w":0.9710422158241272},"size":10.0,"orthographic":false}